file,shape,slices,voxel_spacing_x,voxel_spacing_y,voxel_spacing_z,dtype,min,max,mean,std
LIDC-IDRI-0001.nii.gz,"(512, 512, 133)",133,0.703125,0.703125,2.5,float64,-1024.0,4095.0,197.05607108783005,773.4047669687989
LIDC-IDRI-0002.nii.gz,"(512, 512, 261)",261,0.681641,0.681641,1.25,float64,-2000.0,2776.0,10.436454831412012,1129.5861807967667
LIDC-IDRI-0003.nii.gz,"(512, 512, 140)",140,0.820312,0.820312,2.5,float64,-1024.0,6916.0,221.35802236284528,783.7253226638991
LIDC-IDRI-0004.nii.gz,"(512, 512, 241)",241,0.822266,0.822266,1.25,float64,-2000.0,4095.0,-3.6777755294103347,1139.9194963192945
LIDC-IDRI-0005.nii.gz,"(512, 512, 133)",133,0.664062,0.664062,2.5,float64,-1024.0,4095.0,228.71688424017196,786.0857741823611
LIDC-IDRI-0006.nii.gz,"(512, 512, 133)",133,0.625,0.625,2.5,float64,-1024.0,4095.0,296.33118206397035,805.5465224318859
LIDC-IDRI-0007.nii.gz,"(512, 512, 145)",145,0.78125,0.78125,2.5,float64,-1024.0,4095.0,118.23488143394734,745.7048826642434
LIDC-IDRI-0008.nii.gz,"(512, 512, 133)",133,0.78125,0.78125,2.5,float64,-1024.0,4095.0,235.5445110349727,785.4796204750493
LIDC-IDRI-0009.nii.gz,"(512, 512, 256)",256,0.78125,0.78125,1.25,float64,-2000.0,2773.0,-125.76929464936256,1060.8861747064404
LIDC-IDRI-0010.nii.gz,"(512, 512, 277)",277,0.878906,0.878906,1.25,float64,-2000.0,4095.0,-75.33668633746757,1086.376935102514
LIDC-IDRI-0011.nii.gz,"(512, 512, 128)",128,0.742188,0.742188,2.5,float64,-1024.0,4095.0,199.1820144355297,777.448852812441
LIDC-IDRI-0012.nii.gz,"(512, 512, 128)",128,0.742188,0.742188,2.5,float64,-1024.0,4095.0,235.66706427931786,780.9387940198383
LIDC-IDRI-0013.nii.gz,"(512, 512, 125)",125,0.585938,0.585938,2.5,float64,-1024.0,4095.0,276.30420751953125,803.9765846210814
LIDC-IDRI-0014.nii.gz,"(512, 512, 114)",114,0.664062,0.664062,2.5,float64,-1024.0,4095.0,167.41227193464312,761.890442226065
LIDC-IDRI-0015.nii.gz,"(512, 512, 209)",209,0.693359,0.693359,1.25,float64,-2000.0,4095.0,-41.63003286334316,1107.2592248623043
LIDC-IDRI-0016.nii.gz,"(512, 512, 141)",141,0.585938,0.585938,2.5,float64,-1024.0,4095.0,284.2067594054743,797.9359554066252
LIDC-IDRI-0017.nii.gz,"(512, 512, 238)",238,0.728516,0.728516,1.25,float64,-2000.0,3490.0,137.28609468155548,1176.198435736128
LIDC-IDRI-0018.nii.gz,"(512, 512, 127)",127,0.664062,0.664062,2.5,float64,-1024.0,4095.0,331.94212818896676,820.4177336022772
LIDC-IDRI-0019.nii.gz,"(512, 512, 305)",305,0.806641,0.806641,1.25,float64,-2000.0,4095.0,-49.61024497610624,1102.0651502405185
LIDC-IDRI-0020.nii.gz,"(512, 512, 225)",225,0.828125,0.828125,1.25,float64,-2000.0,4095.0,-13.707711791992187,1113.2901147642783
LIDC-IDRI-0021.nii.gz,"(512, 512, 149)",149,0.742188,0.742188,2.5,float64,-1024.0,4095.0,206.8413184249161,782.1201192266019
LIDC-IDRI-0022.nii.gz,"(512, 512, 133)",133,0.703125,0.703125,2.5,float64,-1024.0,4095.0,279.5138846089069,813.2350751012817
LIDC-IDRI-0023.nii.gz,"(512, 512, 137)",137,0.742188,0.742188,2.5,float64,-1024.0,4095.0,246.24607008217026,785.7345485887975
LIDC-IDRI-0024.nii.gz,"(512, 512, 133)",133,0.78125,0.78125,2.5,float64,-1024.0,4095.0,297.76625043825993,810.0572615851772
LIDC-IDRI-0025.nii.gz,"(512, 512, 265)",265,0.943359,0.943359,1.25,float64,-2000.0,4095.0,-72.94595037496315,1084.1906526505766
LIDC-IDRI-0026.nii.gz,"(512, 512, 257)",257,0.787109,0.787109,1.25,float64,-2000.0,2774.0,-110.33881047170914,1061.6465797060469
LIDC-IDRI-0027.nii.gz,"(512, 512, 133)",133,0.859375,0.859375,2.5,float64,-1024.0,3190.0,212.0106085010041,768.1951385035458
LIDC-IDRI-0028.nii.gz,"(512, 512, 141)",141,0.664062,0.664062,2.5,float64,-1024.0,2692.0,174.2421855520695,746.4852976691242
LIDC-IDRI-0029.nii.gz,"(512, 512, 273)",273,0.878906,0.878906,1.25,float64,-2000.0,4095.0,-94.09243873624138,1072.2712731534136
LIDC-IDRI-0030.nii.gz,"(512, 512, 119)",119,0.703125,0.703125,2.5,float64,-1024.0,7373.0,203.67615727015905,766.439480256641
LIDC-IDRI-0031.nii.gz,"(512, 512, 133)",133,0.859375,0.859375,2.5,float64,-1024.0,4095.0,320.4031638238663,810.6924977471042
LIDC-IDRI-0032.nii.gz,"(512, 512, 249)",249,0.962891,0.962891,1.25,float64,-2000.0,4095.0,-382.90630812434307,1165.368624379895
LIDC-IDRI-0033.nii.gz,"(512, 512, 137)",137,0.78125,0.78125,2.5,float64,-1024.0,4095.0,213.1167779630118,784.5619051400079
LIDC-IDRI-0034.nii.gz,"(512, 512, 265)",265,0.669922,0.669922,1.25,float64,-2000.0,3208.0,-11.605221701568027,1117.2884077819149
LIDC-IDRI-0035.nii.gz,"(512, 512, 133)",133,0.820312,0.820312,2.5,float64,-1024.0,4095.0,199.85597805510787,764.1941051680794
LIDC-IDRI-0036.nii.gz,"(512, 512, 273)",273,0.740234,0.740234,1.25,float64,-2000.0,4095.0,28.625609876471998,1137.5280210116778
LIDC-IDRI-0037.nii.gz,"(512, 512, 141)",141,0.625,0.625,2.5,float64,-1024.0,4095.0,168.57970404117665,762.8133045658013
LIDC-IDRI-0038.nii.gz,"(512, 512, 133)",133,0.664062,0.664062,2.5,float64,-1024.0,4095.0,272.12544686453685,794.9536281787892
LIDC-IDRI-0039.nii.gz,"(512, 512, 281)",281,0.816406,0.816406,1.25,float64,-2000.0,4095.0,-74.39821742862145,1080.29475742904
LIDC-IDRI-0040.nii.gz,"(512, 512, 121)",121,0.664062,0.664062,2.5,float64,-1024.0,4095.0,319.3087108391376,802.8957067165218
LIDC-IDRI-0041.nii.gz,"(512, 512, 149)",149,0.820312,0.820312,2.5,float64,-1024.0,4095.0,209.50148855119744,774.968352566836
LIDC-IDRI-0042.nii.gz,"(512, 512, 123)",123,0.703125,0.703125,2.5,float64,-1024.0,4095.0,316.4133159978603,799.9309319660491
LIDC-IDRI-0043.nii.gz,"(512, 512, 113)",113,0.742188,0.742188,2.5,float64,-1024.0,4095.0,254.24262936347353,796.5463590386183
LIDC-IDRI-0044.nii.gz,"(512, 512, 147)",147,0.703125,0.703125,2.5,float64,-1024.0,4095.0,211.80469035453538,787.3100628583303
LIDC-IDRI-0045.nii.gz,"(512, 512, 133)",133,0.664062,0.664062,2.5,float64,-1024.0,3082.0,210.858057782166,775.5463998157131
LIDC-IDRI-0046.nii.gz,"(512, 512, 128)",128,0.742188,0.742188,2.5,float64,-1024.0,4095.0,229.1266842186451,783.3533235752668
LIDC-IDRI-0047.nii.gz,"(512, 512, 133)",133,0.78125,0.78125,2.5,float64,-1024.0,4095.0,272.1615471517233,796.0874750809016
LIDC-IDRI-0048.nii.gz,"(512, 512, 297)",297,0.949219,0.949219,1.25,float64,-2000.0,2862.0,-105.06720790156612,1079.3464070410755
LIDC-IDRI-0049.nii.gz,"(512, 512, 133)",133,0.644531,0.644531,2.5,float64,-1024.0,4095.0,229.84720023592612,787.5414545431748
LIDC-IDRI-0050.nii.gz,"(512, 512, 139)",139,0.78125,0.78125,2.5,float64,-1024.0,4095.0,113.77648179308116,734.6265307024736
LIDC-IDRI-0051.nii.gz,"(512, 512, 133)",133,0.9375,0.9375,2.5,float64,-1024.0,4095.0,203.3962639830166,774.2020329201031
LIDC-IDRI-0052.nii.gz,"(512, 512, 272)",272,0.742188,0.742188,1.25,float64,-1024.0,4095.0,203.2206272938672,772.8979933489965
LIDC-IDRI-0053.nii.gz,"(512, 512, 111)",111,0.703125,0.703125,2.5,float64,-1024.0,7020.0,208.62858268806525,783.8606247250599
LIDC-IDRI-0054.nii.gz,"(512, 512, 133)",133,0.78125,0.78125,2.5,float64,-1024.0,4095.0,249.67531628716262,796.8288066143749
LIDC-IDRI-0055.nii.gz,"(512, 512, 139)",139,0.703125,0.703125,2.5,float64,-1024.0,4095.0,329.45927456643085,809.5039484460405
LIDC-IDRI-0056.nii.gz,"(512, 512, 245)",245,0.826172,0.826172,1.25,float64,-2000.0,4095.0,-99.45390618771923,1071.662193590979
LIDC-IDRI-0057.nii.gz,"(512, 512, 245)",245,0.730469,0.730469,1.25,float64,-2000.0,2924.0,-49.00830704046756,1096.36821970853
LIDC-IDRI-0058.nii.gz,"(512, 512, 133)",133,0.703125,0.703125,2.5,float64,-1024.0,4095.0,219.88412340780846,788.4162534677322
LIDC-IDRI-0059.nii.gz,"(512, 512, 133)",133,0.703125,0.703125,2.5,float64,-1024.0,4095.0,144.76777255983282,750.5114968162909
LIDC-IDRI-0060.nii.gz,"(512, 512, 115)",115,0.703125,0.703125,2.5,float64,-1024.0,4095.0,223.26426083108655,767.5447807039794
LIDC-IDRI-0061.nii.gz,"(512, 512, 123)",123,0.820312,0.820312,2.5,float64,-1024.0,4095.0,288.96694881160084,800.5966943080105
LIDC-IDRI-0062.nii.gz,"(512, 512, 117)",117,0.703125,0.703125,2.5,float64,-1024.0,4095.0,346.2582575806186,815.4603654246538
LIDC-IDRI-0063.nii.gz,"(512, 512, 133)",133,0.78125,0.78125,2.5,float64,-1024.0,4095.0,210.86188957386446,771.051703431421
LIDC-IDRI-0064.nii.gz,"(512, 512, 133)",133,0.78125,0.78125,2.5,float64,-1024.0,4095.0,271.10229079167647,798.8254731834896
LIDC-IDRI-0065.nii.gz,"(512, 512, 237)",237,0.871094,0.871094,1.25,float64,-2000.0,4095.0,-44.764354577044394,1102.8123301148996
LIDC-IDRI-0066.nii.gz,"(512, 512, 733)",733,0.63671875,0.63671875,0.6,float64,0.0,4095.0,597.2704816196332,472.52437963641125
LIDC-IDRI-0067.nii.gz,"(512, 512, 244)",244,0.78125,0.78125,1.25,float64,-1024.0,4095.0,283.4537854741831,824.1478906921201
LIDC-IDRI-0068.nii.gz,"(512, 512, 261)",261,0.683594,0.683594,1.25,float64,-2000.0,4095.0,-2.0652640039436663,1133.7810797583845
LIDC-IDRI-0069.nii.gz,"(512, 512, 136)",136,0.741,0.741,2.0,float64,-2479.0,24796.0,-639.8716784365037,833.5046919358268
LIDC-IDRI-0070.nii.gz,"(512, 512, 133)",133,0.742188,0.742188,2.5,float64,-1024.0,4095.0,302.5559029256491,806.5748447450816
LIDC-IDRI-0071.nii.gz,"(512, 512, 261)",261,0.910156,0.910156,1.25,float64,-2000.0,2774.0,-90.63315472657654,1072.8832476901007
LIDC-IDRI-0072.nii.gz,"(512, 512, 305)",305,0.732422,0.732422,1.25,float64,-2000.0,4095.0,152.06366967373208,1185.4951393639894
LIDC-IDRI-0073.nii.gz,"(512, 512, 131)",131,0.703125,0.703125,2.5,float64,-1024.0,4095.0,174.19222722526726,769.1692621324786
LIDC-IDRI-0074.nii.gz,"(512, 512, 109)",109,0.703125,0.703125,2.5,float64,-1024.0,4095.0,224.19289506684748,783.6276712895914
LIDC-IDRI-0075.nii.gz,"(512, 512, 257)",257,0.921875,0.921875,1.25,float64,-2000.0,2888.0,-78.679864772099,1079.5487350257479
LIDC-IDRI-0076.nii.gz,"(512, 512, 297)",297,0.787109,0.787109,1.25,float64,-2000.0,4095.0,-11.197668942538174,1119.3283270273348
LIDC-IDRI-0077.nii.gz,"(512, 512, 130)",130,0.664062,0.664062,2.5,float64,-1024.0,4095.0,300.73943293644834,819.3585305339202
LIDC-IDRI-0078.nii.gz,"(512, 512, 87)",87,0.65,0.65,3.0,float64,-2048.0,8155.0,-702.1542884125107,812.5235137788857
LIDC-IDRI-0079.nii.gz,"(512, 512, 113)",113,0.698,0.698,3.0,float64,-7132.0,18507.0,-700.1912087297018,808.834653408307
LIDC-IDRI-0080.nii.gz,"(512, 512, 257)",257,0.78125,0.78125,1.25,float64,-2000.0,4095.0,-60.9217651901542,1088.9515389093997
LIDC-IDRI-0081.nii.gz,"(512, 512, 126)",126,0.859375,0.859375,2.5,float64,-1024.0,4095.0,246.47537237500387,789.8894346051458
LIDC-IDRI-0082.nii.gz,"(512, 512, 242)",242,0.703125,0.703125,1.25,float64,-6195.0,23655.0,288.0521090641495,833.8855331722698
LIDC-IDRI-0083.nii.gz,"(512, 512, 218)",218,0.820312,0.820312,1.25,float64,-1024.0,4095.0,138.65852341958143,741.7044126226558
LIDC-IDRI-0084.nii.gz,"(512, 512, 166)",166,0.705,0.705,2.0,float64,-4471.0,29247.0,-799.3145283848406,808.0587747048221
LIDC-IDRI-0085.nii.gz,"(512, 512, 268)",268,0.804688,0.804688,1.25,float64,-2000.0,4095.0,56.19458319535896,1153.4330879940624
LIDC-IDRI-0086.nii.gz,"(512, 512, 246)",246,0.7402344,0.7402344,3.0,float64,0.0,4095.0,541.4014392790756,474.8879878519785
LIDC-IDRI-0087.nii.gz,"(512, 512, 130)",130,0.703125,0.703125,2.5,float64,-1024.0,4095.0,182.15180232708272,777.2614141959963
LIDC-IDRI-0088.nii.gz,"(512, 512, 241)",241,0.609375,0.609375,1.25,float64,-2000.0,4095.0,102.20935669578458,1168.291035545638
LIDC-IDRI-0089.nii.gz,"(512, 512, 147)",147,0.820312,0.820312,2.5,float64,-1024.0,4095.0,203.43315890046205,783.6575946677726
LIDC-IDRI-0090.nii.gz,"(512, 512, 133)",133,0.703125,0.703125,2.5,float64,-1024.0,4095.0,245.22325945976084,790.2799227612585
LIDC-IDRI-0091.nii.gz,"(512, 512, 197)",197,0.859375,0.859375,1.25,float64,-1024.0,4095.0,174.3379898845847,752.8396980582115
LIDC-IDRI-0092.nii.gz,"(512, 512, 241)",241,0.773438,0.773438,1.25,float64,-2000.0,3937.0,-95.71768071344779,1067.1347536102637
LIDC-IDRI-0093.nii.gz,"(512, 512, 125)",125,0.664062,0.664062,2.5,float64,-1024.0,4095.0,266.8365751953125,801.6909445709304
LIDC-IDRI-0094.nii.gz,"(512, 512, 385)",385,0.7363281,0.7363281,2.0,float64,0.0,4095.0,559.8382521195845,488.21746192119696
LIDC-IDRI-0095.nii.gz,"(512, 512, 343)",343,0.5996094,0.5996094,2.0,float64,0.0,4095.0,641.5027418887303,469.8201118965714
LIDC-IDRI-0096.nii.gz,"(512, 512, 127)",127,0.703125,0.703125,2.5,float64,-1024.0,4095.0,284.9078962971845,797.2230361008419
LIDC-IDRI-0097.nii.gz,"(512, 512, 245)",245,0.833984,0.833984,1.25,float64,-2000.0,4095.0,-44.90907405931122,1104.0075639553884
LIDC-IDRI-0098.nii.gz,"(512, 512, 104)",104,0.63671875,0.63671875,3.0,float64,0.0,4095.0,464.9307551383972,495.2661688685301
LIDC-IDRI-0099.nii.gz,"(512, 512, 194)",194,0.78125,0.78125,1.25,float64,-1024.0,4095.0,254.72767147575456,794.1998562910874
LIDC-IDRI-0100.nii.gz,"(512, 512, 269)",269,0.876953,0.876953,1.25,float64,-2000.0,4095.0,-82.62702693726493,1085.139155403533
LIDC-IDRI-0101.nii.gz,"(512, 512, 150)",150,0.6269531,0.6269531,3.0,float64,0.0,3854.0,568.8294373321534,489.76726598951495
LIDC-IDRI-0102.nii.gz,"(512, 512, 143)",143,0.976562,0.976562,2.5,float64,-1024.0,4095.0,328.77325146014874,831.6527303129054
LIDC-IDRI-0103.nii.gz,"(512, 512, 111)",111,0.6328125,0.6328125,3.0,float64,0.0,4095.0,635.906425304241,474.84896280550134
LIDC-IDRI-0104.nii.gz,"(512, 512, 105)",105,0.644,0.644,3.0,float64,-2048.0,5705.0,-834.728020004999,767.1578822729272
LIDC-IDRI-0105.nii.gz,"(512, 512, 154)",154,0.664062,0.664062,2.5,float64,-1024.0,4095.0,138.5242696985022,751.953034437736
LIDC-IDRI-0106.nii.gz,"(512, 512, 158)",158,0.698,0.698,2.0,float64,-2178.0,16393.0,-650.4729474224622,832.6577672993061
LIDC-IDRI-0107.nii.gz,"(512, 512, 136)",136,0.644,0.644,2.0,float64,-2048.0,6463.0,-717.8601922147415,808.7067605432704
LIDC-IDRI-0108.nii.gz,"(512, 512, 143)",143,0.703125,0.703125,2.5,float64,-1024.0,4095.0,210.11798970682636,768.5358312566902
LIDC-IDRI-0109.nii.gz,"(512, 512, 223)",223,0.78125,0.78125,1.25,float64,-1024.0,4095.0,154.04217240200984,766.5764729256293
LIDC-IDRI-0110.nii.gz,"(512, 512, 125)",125,0.73046875,0.73046875,3.0,float64,0.0,4085.0,574.3585690002442,475.43639487961974
LIDC-IDRI-0111.nii.gz,"(512, 512, 133)",133,0.703125,0.703125,2.5,float64,-1024.0,3199.0,138.73251534942398,740.4328496973027
LIDC-IDRI-0112.nii.gz,"(512, 512, 123)",123,0.703125,0.703125,2.5,float64,-1024.0,4095.0,220.98319011781274,781.6735150398323
LIDC-IDRI-0113.nii.gz,"(512, 512, 145)",145,0.820312,0.820312,2.5,float64,-1024.0,4095.0,217.17092193077352,781.6050927767072
LIDC-IDRI-0114.nii.gz,"(512, 512, 214)",214,0.878906,0.878906,1.25,float64,-1024.0,4095.0,155.41009566048595,752.8698563579682
LIDC-IDRI-0115.nii.gz,"(512, 512, 112)",112,0.573,0.573,3.0,float64,-2048.0,4032.0,-814.985062292644,778.5590426049122
LIDC-IDRI-0116.nii.gz,"(512, 512, 133)",133,0.976562,0.976562,2.5,float64,-1024.0,4095.0,150.16376277378626,779.7080201139792
LIDC-IDRI-0117.nii.gz,"(512, 512, 122)",122,0.65,0.65,3.0,float64,-2048.0,2104.0,-732.0450114265817,817.3871123805089
LIDC-IDRI-0118.nii.gz,"(512, 512, 265)",265,0.882812,0.882812,1.25,float64,-2000.0,4095.0,-47.67799822249503,1100.193569665057
LIDC-IDRI-0119.nii.gz,"(512, 512, 345)",345,0.5410156,0.5410156,2.0,float64,0.0,4095.0,436.3874851724376,504.6880511717258
LIDC-IDRI-0120.nii.gz,"(512, 512, 183)",183,0.946,0.946,2.0,float64,-32768.0,32767.0,-830.5971828731683,802.4138665431133
LIDC-IDRI-0121.nii.gz,"(512, 512, 277)",277,0.917969,0.917969,1.25,float64,-2000.0,4095.0,-97.82391696200044,1070.420159222427
LIDC-IDRI-0122.nii.gz,"(512, 512, 119)",119,0.742188,0.742188,2.5,float64,-1024.0,4095.0,255.49072435523283,797.6591930293395
LIDC-IDRI-0123.nii.gz,"(512, 512, 236)",236,0.859375,0.859375,1.25,float64,-1024.0,4095.0,183.95454987024857,766.1119286528884
LIDC-IDRI-0124.nii.gz,"(512, 512, 117)",117,0.78125,0.78125,2.5,float64,-1024.0,4095.0,206.22561218392136,775.6534629150709
LIDC-IDRI-0125.nii.gz,"(512, 512, 238)",238,0.898438,0.898438,1.25,float64,-1999.0,9085.0,166.9155160599396,770.9700531159176
LIDC-IDRI-0126.nii.gz,"(512, 512, 137)",137,0.78125,0.78125,2.5,float64,-1024.0,4095.0,191.97764306172837,776.9938940225046
LIDC-IDRI-0127.nii.gz,"(512, 512, 117)",117,0.7792969,0.7792969,3.0,float64,0.0,3920.0,756.0727871951893,392.47963340100847
LIDC-IDRI-0128.nii.gz,"(512, 512, 257)",257,0.851562,0.851562,1.25,float64,-2000.0,4095.0,-9.247997862819568,1112.6771897886774
LIDC-IDRI-0129.nii.gz,"(512, 512, 253)",253,0.742188,0.742188,1.25,float64,-1024.0,4095.0,200.40051420309797,777.3870250165509
LIDC-IDRI-0130.nii.gz,"(512, 512, 324)",324,0.7207031,0.7207031,2.0,float64,0.0,4095.0,506.08874819013806,495.65789033408987
LIDC-IDRI-0131.nii.gz,"(512, 512, 197)",197,0.703125,0.703125,1.25,float64,-1024.0,4095.0,292.0407876532695,824.2896381158934
LIDC-IDRI-0132.nii.gz,"(512, 512, 243)",243,0.5371094,0.5371094,3.0,float64,0.0,4095.0,579.0874172257788,490.6461453656576
LIDC-IDRI-0133.nii.gz,"(512, 512, 238)",238,0.742188,0.742188,1.25,float64,-1024.0,4095.0,263.6923841428356,810.9167446881962
LIDC-IDRI-0134.nii.gz,"(512, 512, 118)",118,0.705,0.705,3.0,float64,-2048.0,4053.0,-755.1541354939089,807.0746499644583
LIDC-IDRI-0135.nii.gz,"(512, 512, 127)",127,0.859375,0.859375,2.5,float64,-1024.0,4095.0,294.64479590588667,802.5259306802641
LIDC-IDRI-0136.nii.gz,"(512, 512, 153)",153,0.8359375,0.8359375,3.0,float64,0.0,4095.0,506.233424691593,466.6689659727493
LIDC-IDRI-0137.nii.gz,"(512, 512, 145)",145,0.78125,0.78125,2.5,float64,-1024.0,4095.0,352.1143924844676,825.4597304781652
LIDC-IDRI-0138.nii.gz,"(512, 512, 273)",273,0.878906,0.878906,1.25,float64,-2000.0,4095.0,-94.09243873624138,1072.2712731534136
LIDC-IDRI-0139.nii.gz,"(512, 512, 114)",114,0.703125,0.703125,2.5,float64,-1024.0,4095.0,272.12960490845796,803.2447198800213
LIDC-IDRI-0140.nii.gz,"(512, 512, 588)",588,0.5136719,0.5136719,0.6,float64,0.0,4095.0,584.9647285824731,484.4246578492495
LIDC-IDRI-0141.nii.gz,"(512, 512, 368)",368,0.6230469,0.6230469,2.0,float64,0.0,4095.0,462.83897122092867,505.98528118894654
LIDC-IDRI-0142.nii.gz,"(512, 512, 333)",333,0.7753906,0.7753906,2.0,float64,0.0,4095.0,611.2266347959593,473.56122812614285
LIDC-IDRI-0143.nii.gz,"(512, 512, 133)",133,0.664062,0.664062,2.5,float64,-1024.0,4096.0,211.02658012218046,784.0332935340982
LIDC-IDRI-0144.nii.gz,"(512, 512, 133)",133,0.742188,0.742188,2.5,float64,-1024.0,3071.0,-591.8143488088049,491.88553947280474
LIDC-IDRI-0145.nii.gz,"(512, 512, 139)",139,0.78125,0.78125,2.5,float64,-1024.0,4095.0,288.35274159822535,794.4853964907744
LIDC-IDRI-0146.nii.gz,"(512, 512, 310)",310,0.917969,0.917969,1.25,float64,-2000.0,4095.0,-120.53589799942509,1059.6434812494035
LIDC-IDRI-0147.nii.gz,"(512, 512, 136)",136,0.65,0.65,2.0,float64,-2048.0,4468.0,-723.7323691704694,800.9286554187481
LIDC-IDRI-0148.nii.gz,"(512, 512, 131)",131,0.78125,0.78125,2.5,float64,-1024.0,4095.0,356.6812148640174,811.7263440185245
LIDC-IDRI-0149.nii.gz,"(512, 512, 143)",143,0.78125,0.78125,2.5,float64,-1024.0,4095.0,303.21412306565503,812.5978994814984
LIDC-IDRI-0150.nii.gz,"(512, 512, 102)",102,0.647,0.647,3.0,float64,-2048.0,4535.0,-723.5253526276233,811.7290849577574
LIDC-IDRI-0151.nii.gz,"(512, 512, 223)",223,0.57421875,0.57421875,3.0,float64,-2048.0,4608.0,-85.60241795013839,936.269262092932
LIDC-IDRI-0152.nii.gz,"(512, 512, 135)",135,0.78125,0.78125,2.5,float64,-1024.0,4095.0,195.64046424583154,771.7517057398095
LIDC-IDRI-0153.nii.gz,"(512, 512, 139)",139,0.898438,0.898438,2.5,float64,-1024.0,4095.0,248.15036265970133,774.2111331722264
LIDC-IDRI-0154.nii.gz,"(512, 512, 115)",115,0.702,0.702,3.0,float64,-2048.0,2845.0,-663.9207541424295,822.2858507699955
LIDC-IDRI-0155.nii.gz,"(512, 512, 238)",238,0.78125,0.78125,1.25,float64,-1024.0,4095.0,270.2937479259587,795.5838291466488
LIDC-IDRI-0156.nii.gz,"(512, 512, 127)",127,0.677,0.677,3.0,float64,-2048.0,4094.0,-700.3022399361678,812.9082643834901
LIDC-IDRI-0157.nii.gz,"(512, 512, 133)",133,0.820312,0.820312,2.5,float64,-1024.0,4095.0,241.5607646282454,782.0678984028561
LIDC-IDRI-0158.nii.gz,"(512, 512, 251)",251,0.808594,0.808594,1.25,float64,-2000.0,4095.0,-41.965882578694014,1105.387438631799
LIDC-IDRI-0159.nii.gz,"(512, 512, 137)",137,0.78125,0.78125,2.5,float64,-1024.0,4095.0,183.80176012359397,773.204203054807
LIDC-IDRI-0160.nii.gz,"(512, 512, 140)",140,0.78125,0.78125,2.5,float64,-1024.0,4095.0,286.3371938705444,816.5443661082275
LIDC-IDRI-0161.nii.gz,"(512, 512, 251)",251,0.820312,0.820312,1.25,float64,-1024.0,4095.0,176.2302064477685,758.9344620512009
LIDC-IDRI-0162.nii.gz,"(512, 512, 133)",133,0.78125,0.78125,2.5,float64,-1024.0,4095.0,288.34144139110595,790.9045221753618
LIDC-IDRI-0163.nii.gz,"(512, 512, 133)",133,0.703125,0.703125,2.5,float64,-1024.0,4095.0,289.41594182638295,812.6725592328337
LIDC-IDRI-0164.nii.gz,"(512, 512, 258)",258,0.859375,0.859375,1.25,float64,-1024.0,4095.0,215.45496245687323,777.4878566829046
LIDC-IDRI-0165.nii.gz,"(512, 512, 133)",133,0.703125,0.703125,2.5,float64,-1024.0,4095.0,197.19283002122003,771.0038165360468
LIDC-IDRI-0166.nii.gz,"(512, 512, 133)",133,0.703125,0.703125,2.5,float64,-1024.0,4095.0,89.6713595569582,717.6860757702796
LIDC-IDRI-0167.nii.gz,"(512, 512, 133)",133,0.664062,0.664062,2.5,float64,-1024.0,4095.0,359.2337688359999,814.510310756576
LIDC-IDRI-0168.nii.gz,"(512, 512, 232)",232,0.703125,0.703125,1.25,float64,-1024.0,4095.0,188.31486670724277,764.6844920406023
LIDC-IDRI-0169.nii.gz,"(512, 512, 238)",238,0.625,0.625,1.25,float64,-1024.0,4095.0,273.749184440164,823.2769379856649
LIDC-IDRI-0170.nii.gz,"(512, 512, 206)",206,0.898438,0.898438,1.25,float64,-1024.0,4095.0,249.92146019796724,783.5977808586728
LIDC-IDRI-0171.nii.gz,"(512, 512, 95)",95,0.859375,0.859375,2.5,float64,-1024.0,4095.0,234.96605710481342,779.2990963934321
LIDC-IDRI-0172.nii.gz,"(512, 512, 127)",127,0.703125,0.703125,2.5,float64,-1024.0,4095.0,338.25344398078016,805.9508029238219
LIDC-IDRI-0173.nii.gz,"(512, 512, 145)",145,0.742188,0.742188,2.5,float64,-1024.0,4095.0,251.3130036978886,798.7621387397123
LIDC-IDRI-0174.nii.gz,"(512, 512, 133)",133,0.742188,0.742188,2.5,float64,-1024.0,4095.0,284.9892418653445,791.6801600925324
LIDC-IDRI-0175.nii.gz,"(512, 512, 131)",131,0.703125,0.703125,2.5,float64,-1024.0,4095.0,247.2210529414752,777.0981094533348
LIDC-IDRI-0176.nii.gz,"(512, 512, 214)",214,0.703125,0.703125,1.25,float64,-1024.0,4095.0,298.7697525202671,813.6848149488587
LIDC-IDRI-0177.nii.gz,"(512, 512, 133)",133,0.703125,0.703125,2.5,float64,-1024.0,2499.0,297.0420634621068,799.5167166199983
LIDC-IDRI-0178.nii.gz,"(512, 512, 125)",125,0.703125,0.703125,2.5,float64,-1024.0,4095.0,232.62772647094727,792.9360839985278
LIDC-IDRI-0179.nii.gz,"(512, 512, 123)",123,0.703125,0.703125,2.5,float64,-1024.0,4095.0,193.7491737303695,762.857194012295
LIDC-IDRI-0180.nii.gz,"(512, 512, 238)",238,0.78125,0.78125,1.25,float64,-1024.0,4095.0,159.52855082920618,762.4979162884133
LIDC-IDRI-0181.nii.gz,"(512, 512, 150)",150,0.78125,0.78125,2.5,float64,-1024.0,4095.0,134.4563530731201,758.0029570747179
LIDC-IDRI-0182.nii.gz,"(512, 512, 133)",133,0.703125,0.703125,2.5,float64,-1024.0,4095.0,278.4363639946271,798.5395453210301
LIDC-IDRI-0183.nii.gz,"(512, 512, 139)",139,0.820312,0.820312,2.5,float64,-1024.0,4095.0,299.38017684607195,796.0220803065865
LIDC-IDRI-0184.nii.gz,"(512, 512, 140)",140,0.625,0.625,2.5,float64,-1024.0,4095.0,184.11830659593855,787.0350209872573
LIDC-IDRI-0185.nii.gz,"(512, 512, 133)",133,0.78125,0.78125,2.5,float64,-1024.0,4095.0,210.39137331166663,773.1448369712442
LIDC-IDRI-0186.nii.gz,"(512, 512, 137)",137,0.644531,0.644531,2.5,float64,-1024.0,4095.0,267.1225586772835,798.336789725692
LIDC-IDRI-0187.nii.gz,"(512, 512, 143)",143,0.859375,0.859375,2.5,float64,-1024.0,4095.0,135.83814946421376,734.1387420574873
LIDC-IDRI-0188.nii.gz,"(512, 512, 113)",113,0.703125,0.703125,2.5,float64,-1024.0,4095.0,372.73778733110004,817.9500573526257
LIDC-IDRI-0189.nii.gz,"(512, 512, 117)",117,0.664062,0.664062,2.5,float64,-1024.0,4095.0,272.79465011857513,806.550170076144
LIDC-IDRI-0190.nii.gz,"(512, 512, 127)",127,0.703125,0.703125,2.5,float64,-1024.0,4095.0,281.973080732691,801.5577436935658
LIDC-IDRI-0191.nii.gz,"(512, 512, 133)",133,0.898438,0.898438,2.5,float64,-1024.0,4095.0,196.05818956418145,773.2569417838271
LIDC-IDRI-0192.nii.gz,"(512, 512, 246)",246,0.859375,0.859375,1.25,float64,-1024.0,4095.0,136.9653718374609,746.0875259125278
LIDC-IDRI-0193.nii.gz,"(512, 512, 127)",127,0.703125,0.703125,2.5,float64,-1024.0,4095.0,221.48085523590328,777.9221549131917
LIDC-IDRI-0194.nii.gz,"(512, 512, 149)",149,0.78125,0.78125,2.5,float64,-1024.0,4095.0,158.63185534381228,747.2115178870488
LIDC-IDRI-0195.nii.gz,"(512, 512, 133)",133,0.664062,0.664062,2.5,float64,-1024.0,4095.0,133.82666305312537,765.8782124449048
LIDC-IDRI-0196.nii.gz,"(512, 512, 133)",133,0.625,0.625,2.5,float64,-1024.0,4095.0,183.84989301064857,774.5234326379505
LIDC-IDRI-0197.nii.gz,"(512, 512, 127)",127,0.78125,0.78125,2.5,float64,-1024.0,4095.0,334.38445432167356,815.1739965650424
LIDC-IDRI-0198.nii.gz,"(512, 512, 133)",133,0.703125,0.703125,2.5,float64,-1024.0,4095.0,117.40942124675091,731.0689938608416
LIDC-IDRI-0199.nii.gz,"(512, 512, 233)",233,0.664062,0.664062,1.25,float64,-12209.0,32767.0,154.0010911180226,771.6757635559414
LIDC-IDRI-0200.nii.gz,"(512, 512, 117)",117,0.820312,0.820312,2.5,float64,-1024.0,4095.0,241.12371457743848,793.2319708110743
LIDC-IDRI-0201.nii.gz,"(512, 512, 133)",133,0.664062,0.664062,2.5,float64,-1024.0,4095.0,188.97403123324975,779.4705741914405
LIDC-IDRI-0202.nii.gz,"(512, 512, 111)",111,0.78125,0.78125,2.5,float64,-1024.0,4095.0,342.843093322204,834.2638297976569
LIDC-IDRI-0203.nii.gz,"(512, 512, 147)",147,0.78125,0.78125,2.5,float64,-1024.0,4095.0,150.17266067193478,752.9077435351248
LIDC-IDRI-0204.nii.gz,"(512, 512, 133)",133,0.703125,0.703125,2.5,float64,-1024.0,4095.0,217.38240498707708,783.4469682546702
LIDC-IDRI-0205.nii.gz,"(512, 512, 135)",135,0.742188,0.742188,2.5,float64,-1024.0,4095.0,281.5775813349971,797.831371330652
LIDC-IDRI-0206.nii.gz,"(512, 512, 301)",301,0.751953,0.751953,1.25,float64,-2000.0,2681.0,-38.51184023733551,1107.5422466126067
LIDC-IDRI-0207.nii.gz,"(512, 512, 238)",238,0.742188,0.742188,1.25,float64,-1024.0,4095.0,232.2404777943587,801.7030121936407
LIDC-IDRI-0208.nii.gz,"(512, 512, 109)",109,0.664062,0.664062,2.5,float64,-1024.0,3294.0,258.87156428765815,809.2065321727033
LIDC-IDRI-0209.nii.gz,"(512, 512, 141)",141,0.820312,0.820312,2.5,float64,-1024.0,4095.0,208.22656634175186,782.2564488624923
LIDC-IDRI-0210.nii.gz,"(512, 512, 128)",128,0.78125,0.78125,2.5,float64,-1024.0,4095.0,232.969357162714,784.3321563697186
LIDC-IDRI-0211.nii.gz,"(512, 512, 230)",230,0.742188,0.742188,1.25,float64,-1024.0,4095.0,216.7104924906855,779.3652074602609
LIDC-IDRI-0212.nii.gz,"(512, 512, 133)",133,0.703125,0.703125,2.5,float64,-1024.0,2855.0,249.00168449000307,784.2295122485883
LIDC-IDRI-0213.nii.gz,"(512, 512, 127)",127,0.742188,0.742188,2.5,float64,-1024.0,4095.0,286.17357242013526,811.6697433843603
LIDC-IDRI-0214.nii.gz,"(512, 512, 151)",151,0.859375,0.859375,2.5,float64,-1024.0,4095.0,300.0977458322285,800.073857213491
LIDC-IDRI-0215.nii.gz,"(512, 512, 249)",249,0.804688,0.804688,1.25,float64,-2000.0,4095.0,46.43362025371996,1152.7091533084804
LIDC-IDRI-0216.nii.gz,"(512, 512, 133)",133,0.742188,0.742188,2.5,float64,-1024.0,4095.0,231.27801155147696,802.6045627648765
LIDC-IDRI-0217.nii.gz,"(512, 512, 135)",135,0.78125,0.78125,2.5,float64,-1024.0,4095.0,266.05557056003147,803.7161723254384
LIDC-IDRI-0218.nii.gz,"(512, 512, 217)",217,0.703125,0.703125,1.25,float64,-2000.0,4095.0,71.8125266149846,1161.7736714655623
LIDC-IDRI-0219.nii.gz,"(512, 512, 133)",133,0.703125,0.703125,2.5,float64,-1024.0,4095.0,157.54133709211996,769.044599117834
LIDC-IDRI-0220.nii.gz,"(512, 512, 232)",232,0.78125,0.78125,1.25,float64,-1580.0,18763.0,270.16418228478267,805.5807655548485
LIDC-IDRI-0221.nii.gz,"(512, 512, 138)",138,0.78125,0.78125,2.5,float64,-1024.0,4095.0,208.76304455079895,768.821926616664
LIDC-IDRI-0222.nii.gz,"(512, 512, 129)",129,0.625,0.625,2.5,float64,-1024.0,4095.0,210.76367299870927,796.1999817593811
LIDC-IDRI-0223.nii.gz,"(512, 512, 238)",238,0.78125,0.78125,1.25,float64,-1024.0,7998.0,158.00654084341866,762.8348435180508
LIDC-IDRI-0224.nii.gz,"(512, 512, 133)",133,0.820312,0.820312,2.5,float64,-1024.0,4095.0,291.5477151799023,798.1385644305101
LIDC-IDRI-0225.nii.gz,"(512, 512, 133)",133,0.78125,0.78125,2.5,float64,-1024.0,2419.0,286.9764512714587,797.3786641033554
LIDC-IDRI-0226.nii.gz,"(512, 512, 123)",123,0.898438,0.898438,2.5,float64,-1024.0,4095.0,261.31752305689866,795.6480522655182
LIDC-IDRI-0227.nii.gz,"(512, 512, 137)",137,0.820312,0.820312,2.5,float64,-1024.0,4096.0,233.97188712906663,787.2749491828818
LIDC-IDRI-0228.nii.gz,"(512, 512, 127)",127,0.703125,0.703125,2.5,float64,-1024.0,4095.0,326.7766405541127,816.9615453922819
LIDC-IDRI-0229.nii.gz,"(512, 512, 141)",141,0.761719,0.761719,2.5,float64,-1024.0,4095.0,183.14520948153015,766.9360996212873
LIDC-IDRI-0230.nii.gz,"(512, 512, 113)",113,0.703125,0.703125,2.5,float64,-1024.0,4095.0,231.12473840629104,791.6875855108182
LIDC-IDRI-0231.nii.gz,"(512, 512, 147)",147,0.859375,0.859375,2.5,float64,-1024.0,4095.0,230.32242031486666,782.1165154726394
LIDC-IDRI-0232.nii.gz,"(512, 512, 133)",133,0.703125,0.703125,2.5,float64,-1024.0,4095.0,158.35882700296273,761.9875101903443
LIDC-IDRI-0233.nii.gz,"(512, 512, 147)",147,0.742188,0.742188,2.5,float64,-1024.0,4095.0,200.6923352196103,786.5214587382641
LIDC-IDRI-0234.nii.gz,"(512, 512, 133)",133,0.703125,0.703125,2.5,float64,-1024.0,4053.0,315.9876220817853,809.6547433275871
LIDC-IDRI-0235.nii.gz,"(512, 512, 139)",139,0.703125,0.703125,2.5,float64,-1024.0,4095.0,321.9590709603948,825.0067565930125
LIDC-IDRI-0236.nii.gz,"(512, 512, 133)",133,0.625,0.625,2.5,float64,-1024.0,4095.0,273.5722083184952,801.7417889474136
LIDC-IDRI-0237.nii.gz,"(512, 512, 142)",142,0.820312,0.820312,2.5,float64,-1024.0,4095.0,250.4846855485943,781.9896212362717
LIDC-IDRI-0239.nii.gz,"(512, 512, 153)",153,0.742188,0.742188,2.5,float64,-1024.0,4095.0,189.21066114637586,775.6806743894621
LIDC-IDRI-0240.nii.gz,"(512, 512, 125)",125,0.703125,0.703125,2.5,float64,-1024.0,4095.0,234.64902188110352,792.3803474116271
LIDC-IDRI-0241.nii.gz,"(512, 512, 301)",301,0.683594,0.683594,1.25,float64,-2000.0,2808.0,-23.979479640821285,1112.012717071754
LIDC-IDRI-0242.nii.gz,"(512, 512, 152)",152,0.78125,0.78125,2.5,float64,-1024.0,4095.0,186.11836092095626,768.7436524728859
LIDC-IDRI-0243.nii.gz,"(512, 512, 143)",143,0.820312,0.820312,2.5,float64,-7168.0,4095.0,209.7696268575175,788.3337854500379
LIDC-IDRI-0244.nii.gz,"(512, 512, 144)",144,0.78125,0.78125,2.5,float64,-1024.0,3736.0,301.81953631507025,811.0069044803756
LIDC-IDRI-0245.nii.gz,"(512, 512, 116)",116,0.703125,0.703125,2.5,float64,-1024.0,4095.0,295.33501950625714,797.5709613376022
LIDC-IDRI-0246.nii.gz,"(512, 512, 143)",143,0.78125,0.78125,2.5,float64,-1024.0,4095.0,270.55864747587617,807.397886915592
LIDC-IDRI-0247.nii.gz,"(512, 512, 127)",127,0.625,0.625,2.5,float64,-1024.0,4095.0,257.5002950232799,820.1333831526268
LIDC-IDRI-0248.nii.gz,"(512, 512, 117)",117,0.976562,0.976562,2.5,float64,-1024.0,4095.0,250.55101795685596,798.4563832945328
LIDC-IDRI-0249.nii.gz,"(512, 512, 214)",214,0.820312,0.820312,1.25,float64,-1024.0,4095.0,193.7029881878434,782.9441988490133
LIDC-IDRI-0250.nii.gz,"(512, 512, 133)",133,0.820312,0.820312,2.5,float64,-1024.0,4095.0,295.30337593250704,808.5321768475357
LIDC-IDRI-0251.nii.gz,"(512, 512, 133)",133,0.820312,0.820312,2.5,float64,-1024.0,4095.0,247.38740008934997,781.6215527694844
LIDC-IDRI-0252.nii.gz,"(512, 512, 148)",148,0.859375,0.859375,2.5,float64,-1024.0,4095.0,176.03931749189223,755.1093109741745
LIDC-IDRI-0253.nii.gz,"(512, 512, 133)",133,0.78125,0.78125,2.5,float64,-1024.0,4095.0,265.98868121957423,799.1509700875345
LIDC-IDRI-0254.nii.gz,"(512, 512, 109)",109,0.585938,0.585938,2.5,float64,-1024.0,4095.0,252.8078056475438,817.4567218069571
LIDC-IDRI-0255.nii.gz,"(512, 512, 133)",133,0.703125,0.703125,2.5,float64,-1024.0,4095.0,192.8061106688994,777.2481542239989
LIDC-IDRI-0256.nii.gz,"(512, 512, 131)",131,0.722656,0.722656,2.5,float64,-1024.0,4095.0,241.40263011437335,793.2934100444389
LIDC-IDRI-0257.nii.gz,"(512, 512, 133)",133,0.78125,0.78125,2.5,float64,-1024.0,4095.0,267.44296399453526,809.2844910974798
LIDC-IDRI-0258.nii.gz,"(512, 512, 133)",133,0.703125,0.703125,2.5,float64,-1024.0,4095.0,311.4394932797081,801.6052510112504
LIDC-IDRI-0259.nii.gz,"(512, 512, 149)",149,0.742188,0.742188,2.5,float64,-1024.0,4095.0,231.86137264686943,795.054934042488
LIDC-IDRI-0260.nii.gz,"(512, 512, 144)",144,0.664062,0.664062,2.5,float64,-1024.0,4095.0,187.39464683002896,764.0013928457181
LIDC-IDRI-0261.nii.gz,"(512, 512, 139)",139,0.78125,0.78125,2.5,float64,-1024.0,3771.0,213.38382731924813,776.336745141883
LIDC-IDRI-0262.nii.gz,"(512, 512, 197)",197,0.626953,0.626953,1.25,float64,-2000.0,4095.0,197.41185260908253,1207.1391497181685
LIDC-IDRI-0263.nii.gz,"(512, 512, 137)",137,0.742188,0.742188,2.5,float64,-1024.0,4095.0,212.1653912676512,790.2040950096119
LIDC-IDRI-0264.nii.gz,"(512, 512, 238)",238,0.703125,0.703125,1.25,float64,-1024.0,4095.0,147.24512398343126,761.4968260098476
LIDC-IDRI-0265.nii.gz,"(512, 512, 133)",133,0.78125,0.78125,2.5,float64,-1024.0,4095.0,270.9778079269524,790.3560502807779
LIDC-IDRI-0266.nii.gz,"(512, 512, 238)",238,0.664062,0.664062,1.25,float64,-1024.0,4096.0,274.257776148179,805.8972045737838
LIDC-IDRI-0267.nii.gz,"(512, 512, 150)",150,0.820312,0.820312,2.5,float64,-1024.0,2457.0,226.99408040364582,764.8383589223178
LIDC-IDRI-0268.nii.gz,"(512, 512, 117)",117,0.78125,0.78125,2.5,float64,-1024.0,4095.0,297.994453593197,812.5685204495112
LIDC-IDRI-0269.nii.gz,"(512, 512, 293)",293,0.689453,0.689453,1.25,float64,-2000.0,2571.0,12.16802947268958,1131.2364028876773
LIDC-IDRI-0270.nii.gz,"(512, 512, 143)",143,0.742188,0.742188,2.5,float64,-1024.0,4095.0,265.17563733187586,806.6399710136737
LIDC-IDRI-0271.nii.gz,"(512, 512, 117)",117,0.703125,0.703125,2.5,float64,-1024.0,4095.0,260.5159277630667,810.1058300823618
LIDC-IDRI-0272.nii.gz,"(512, 512, 119)",119,0.78125,0.78125,2.5,float64,-1024.0,4095.0,199.6419381534352,779.4631836374857
LIDC-IDRI-0273.nii.gz,"(512, 512, 133)",133,0.703125,0.703125,2.5,float64,-1024.0,4095.0,173.76491474926024,761.3969705085798
LIDC-IDRI-0274.nii.gz,"(512, 512, 133)",133,0.859375,0.859375,2.5,float64,-1024.0,4095.0,309.6918698074226,800.2032352830238
LIDC-IDRI-0275.nii.gz,"(512, 512, 144)",144,0.742188,0.742188,2.5,float64,-1024.0,4095.0,289.81812357902527,809.4346234072999
LIDC-IDRI-0276.nii.gz,"(512, 512, 133)",133,0.703125,0.703125,2.5,float64,-1024.0,4095.0,249.2145255813025,805.8251335331715
LIDC-IDRI-0277.nii.gz,"(512, 512, 117)",117,0.722656,0.722656,2.5,float64,-1024.0,4095.0,185.95194655198318,780.8493432204613
LIDC-IDRI-0278.nii.gz,"(512, 512, 214)",214,0.78125,0.78125,1.25,float64,-1024.0,4095.0,258.1516493146665,791.9134377799676
LIDC-IDRI-0279.nii.gz,"(512, 512, 129)",129,0.742188,0.742188,2.5,float64,-1024.0,4095.0,246.25946766461513,794.7183045887898
LIDC-IDRI-0280.nii.gz,"(512, 512, 238)",238,0.703125,0.703125,1.25,float64,-1024.0,4096.0,301.6786076361392,816.1712915921365
LIDC-IDRI-0281.nii.gz,"(512, 512, 119)",119,0.742188,0.742188,2.5,float64,-1024.0,4095.0,244.38285987918115,809.7324420560154
LIDC-IDRI-0282.nii.gz,"(512, 512, 119)",119,0.703125,0.703125,2.5,float64,-1024.0,4095.0,213.7453768754206,772.855016907284
LIDC-IDRI-0283.nii.gz,"(512, 512, 115)",115,0.820312,0.820312,2.5,float64,-1024.0,4095.0,243.64279018899668,794.8731768583126
LIDC-IDRI-0284.nii.gz,"(512, 512, 133)",133,0.820312,0.820312,2.5,float64,-1024.0,4095.0,293.52964125898546,814.2228349050904
LIDC-IDRI-0285.nii.gz,"(512, 512, 151)",151,0.820312,0.820312,2.5,float64,-1024.0,4095.0,267.26400830098333,803.1057458766982
LIDC-IDRI-0286.nii.gz,"(512, 512, 140)",140,0.703125,0.703125,2.5,float64,-1024.0,4095.0,200.1987666811262,765.2622729498313
LIDC-IDRI-0287.nii.gz,"(512, 512, 109)",109,0.78125,0.78125,2.5,float64,-1024.0,4095.0,219.5741644343105,787.1659971543935
LIDC-IDRI-0288.nii.gz,"(512, 512, 238)",238,0.703125,0.703125,1.25,float64,-1024.0,4096.0,339.59272570569976,823.5035070036705
LIDC-IDRI-0289.nii.gz,"(512, 512, 117)",117,0.898438,0.898438,2.5,float64,-1024.0,4086.0,128.2297705299834,782.828737001636
LIDC-IDRI-0290.nii.gz,"(512, 512, 133)",133,0.703125,0.703125,2.5,float64,-1024.0,4095.0,221.87017096612686,780.1950613641229
LIDC-IDRI-0291.nii.gz,"(512, 512, 270)",270,0.703125,0.703125,1.25,float64,-2000.0,4095.0,-62.09098240887677,1096.073126522084
LIDC-IDRI-0292.nii.gz,"(512, 512, 500)",500,0.703125,0.703125,1.25,float64,0.0,2732.0,490.09272540283206,489.97089372762537
LIDC-IDRI-0293.nii.gz,"(512, 512, 484)",484,0.605469,0.605469,1.25,float64,-2000.0,3065.0,12.77580241526454,1129.7688510215685
LIDC-IDRI-0294.nii.gz,"(512, 512, 175)",175,0.5078125,0.5078125,2.0,float64,0.0,4095.0,455.4715886143276,487.426363816184
LIDC-IDRI-0295.nii.gz,"(512, 512, 284)",284,0.625,0.625,1.25,float64,-2000.0,3206.0,41.0964475282481,1147.882543610842
LIDC-IDRI-0296.nii.gz,"(512, 512, 121)",121,0.765625,0.765625,3.0,float64,0.0,4095.0,657.8167066968177,450.8909192285357
LIDC-IDRI-0297.nii.gz,"(512, 512, 539)",539,0.55078125,0.55078125,0.75,float64,0.0,3013.0,563.4770926509142,489.3565326611324
LIDC-IDRI-0298.nii.gz,"(512, 512, 326)",326,0.64453125,0.64453125,1.0,float64,0.0,4095.0,547.3444091118187,499.9701306854511
LIDC-IDRI-0299.nii.gz,"(512, 512, 541)",541,0.78125,0.78125,1.25,float64,-2000.0,4095.0,30.78013048859489,1140.9189563984437
LIDC-IDRI-0300.nii.gz,"(512, 512, 383)",383,0.6640625,0.6640625,1.0,float64,0.0,4095.0,581.4327897851211,500.96892252716776
LIDC-IDRI-0301.nii.gz,"(512, 512, 513)",513,0.703125,0.703125,1.25,float64,-2000.0,3093.0,-26.434788092302764,1113.346539551683
LIDC-IDRI-0302.nii.gz,"(512, 512, 471)",471,0.703125,0.703125,1.25,float64,-2000.0,3328.0,124.31411941593113,1176.110862226114
LIDC-IDRI-0303.nii.gz,"(512, 512, 124)",124,0.7636719,0.7636719,3.0,float64,0.0,4088.0,616.2314226088986,459.1449781361635
LIDC-IDRI-0304.nii.gz,"(512, 512, 206)",206,0.703125,0.703125,2.0,float64,0.0,2690.0,580.4621902391749,485.2632375672338
LIDC-IDRI-0305.nii.gz,"(512, 512, 253)",253,0.625,0.625,1.25,float64,-2000.0,4095.0,108.85400485615486,1179.090055267572
LIDC-IDRI-0306.nii.gz,"(512, 512, 123)",123,0.617188,0.617188,2.5,float64,-2000.0,3593.0,155.56303284807902,1189.4844984800409
LIDC-IDRI-0307.nii.gz,"(512, 512, 264)",264,0.625,0.625,1.25,float64,-2000.0,4095.0,130.35934357209638,1179.5227358023863
LIDC-IDRI-0308.nii.gz,"(512, 512, 564)",564,0.703125,0.703125,1.25,float64,-2000.0,2832.0,145.65052806231992,1185.4258494107276
LIDC-IDRI-0309.nii.gz,"(512, 512, 225)",225,0.64453125,0.64453125,2.0,float64,0.0,3231.0,436.11125851101343,485.7389037266167
LIDC-IDRI-0310.nii.gz,"(512, 512, 111)",111,0.582,0.582,3.0,float64,-2048.0,3352.0,-814.4161609958958,782.8204677208965
LIDC-IDRI-0311.nii.gz,"(512, 512, 225)",225,0.78125,0.78125,1.25,float64,-2000.0,4095.0,-157.6021519639757,1042.2064507239782
LIDC-IDRI-0312.nii.gz,"(512, 512, 250)",250,0.585938,0.585938,1.25,float64,-2000.0,3548.0,116.158277053833,1177.5669936513868
LIDC-IDRI-0313.nii.gz,"(512, 512, 244)",244,0.701172,0.701172,1.25,float64,-2000.0,4095.0,0.15682614435915088,1127.0612617014272
LIDC-IDRI-0314.nii.gz,"(512, 512, 275)",275,0.78125,0.78125,1.0,float64,0.0,2979.0,380.0265947376598,487.8026869096673
LIDC-IDRI-0315.nii.gz,"(512, 512, 239)",239,0.8027344,0.8027344,3.0,float64,-2942.0,3615.0,-121.42274189394388,915.308929529935
LIDC-IDRI-0316.nii.gz,"(512, 512, 201)",201,0.72265625,0.72265625,2.0,float64,0.0,2711.0,547.3975393380691,491.6027656311756
LIDC-IDRI-0317.nii.gz,"(512, 512, 124)",124,0.615234,0.615234,2.5,float64,-2000.0,4095.0,-0.4768098708122007,1123.6309271910898
LIDC-IDRI-0318.nii.gz,"(512, 512, 441)",441,0.51953125,0.51953125,0.75,float64,0.0,2900.0,652.5729190627463,473.68867772705744
LIDC-IDRI-0319.nii.gz,"(512, 512, 195)",195,0.72265625,0.72265625,2.0,float64,0.0,2646.0,526.1703194055801,479.38249132667863
LIDC-IDRI-0320.nii.gz,"(512, 512, 190)",190,0.7421875,0.7421875,2.0,float64,0.0,2907.0,547.6910439139918,478.615306312643
LIDC-IDRI-0321.nii.gz,"(512, 512, 265)",265,0.664062,0.664062,1.25,float64,-2000.0,3790.0,-6.994270137570939,1126.8274633747606
LIDC-IDRI-0322.nii.gz,"(512, 512, 128)",128,0.703125,0.703125,2.5,float64,-2000.0,3072.0,110.12786453962326,1173.5209490621726
LIDC-IDRI-0323.nii.gz,"(512, 512, 96)",96,0.64453125,0.64453125,3.0,float64,0.0,4095.0,590.2925388415655,478.40655380144057
LIDC-IDRI-0324.nii.gz,"(512, 512, 229)",229,0.703125,0.703125,2.0,float64,0.0,4095.0,508.95808762129735,482.83661163494344
LIDC-IDRI-0325.nii.gz,"(512, 512, 278)",278,0.8125,0.8125,1.0,float64,0.0,4000.0,437.6177139419446,502.8627773075975
LIDC-IDRI-0326.nii.gz,"(512, 512, 261)",261,0.625,0.625,1.25,float64,-2000.0,3404.0,115.31466514032006,1172.3491838179198
LIDC-IDRI-0327.nii.gz,"(512, 512, 509)",509,0.703125,0.703125,1.25,float64,-2000.0,2688.0,28.7690350695537,1139.0212622449865
LIDC-IDRI-0328.nii.gz,"(512, 512, 484)",484,0.664062,0.664062,1.25,float64,-2000.0,2774.0,132.42922174437973,1172.41715383994
LIDC-IDRI-0329.nii.gz,"(512, 512, 122)",122,0.523438,0.523438,2.5,float64,-2000.0,3005.0,127.0678053683922,1177.1713363442198
LIDC-IDRI-0330.nii.gz,"(512, 512, 107)",107,0.53125,0.53125,2.5,float64,-2000.0,3003.0,139.7162874881352,1187.6276978592302
LIDC-IDRI-0331.nii.gz,"(512, 512, 241)",241,0.552734,0.552734,1.25,float64,-2000.0,4095.0,38.41207721124546,1147.2207379191784
LIDC-IDRI-0332.nii.gz,"(512, 512, 473)",473,0.644531,0.644531,2.5,float64,-2000.0,4096.0,-39.47916479292178,1111.3777701691913
LIDC-IDRI-0333.nii.gz,"(512, 512, 263)",263,0.585938,0.585938,1.25,float64,-2000.0,3292.0,-6.889717102050781,1123.9128362262368
LIDC-IDRI-0334.nii.gz,"(512, 512, 127)",127,0.75,0.75,3.0,float64,-2048.0,3473.0,-730.2456554202583,800.0758836561704
LIDC-IDRI-0335.nii.gz,"(512, 512, 300)",300,0.71484375,0.71484375,2.0,float64,0.0,4000.0,410.321720123291,477.83125919428517
LIDC-IDRI-0336.nii.gz,"(512, 512, 129)",129,0.697266,0.697266,2.5,float64,-2000.0,3252.0,101.66527208431746,1170.7471395781408
LIDC-IDRI-0337.nii.gz,"(512, 512, 117)",117,0.56640625,0.56640625,3.0,float64,0.0,4095.0,598.7402854332557,471.7372696952423
LIDC-IDRI-0338.nii.gz,"(512, 512, 285)",285,0.7480469,0.7480469,2.0,float64,0.0,4000.0,494.26972344381767,496.5285178126555
LIDC-IDRI-0339.nii.gz,"(512, 512, 274)",274,0.615234,0.615234,1.25,float64,-2000.0,4095.0,18.807207511289278,1144.7837720592645
LIDC-IDRI-0340.nii.gz,"(512, 512, 421)",421,0.703125,0.703125,1.25,float64,-2000.0,2831.0,155.23041229066826,1187.3055017482047
LIDC-IDRI-0341.nii.gz,"(512, 512, 246)",246,0.617188,0.617188,1.25,float64,-2000.0,3433.0,53.23278307720898,1153.510404953314
LIDC-IDRI-0342.nii.gz,"(512, 512, 126)",126,0.664062,0.664062,2.5,float64,-2000.0,2931.0,67.4763106997051,1154.92273538873
LIDC-IDRI-0343.nii.gz,"(512, 512, 130)",130,0.595703,0.595703,2.5,float64,-2000.0,2905.0,26.018085802518403,1138.8872397471846
LIDC-IDRI-0344.nii.gz,"(512, 512, 503)",503,0.6875,0.6875,0.75,float64,0.0,2996.0,640.6946355163695,461.06658340106634
LIDC-IDRI-0345.nii.gz,"(512, 512, 298)",298,0.546875,0.546875,1.0,float64,0.0,4095.0,803.328301666567,431.78983670222357
LIDC-IDRI-0346.nii.gz,"(512, 512, 105)",105,0.656,0.656,3.0,float64,-2048.0,1645.0,-690.3438394092378,821.129869410246
LIDC-IDRI-0347.nii.gz,"(512, 512, 131)",131,0.7207031,0.7207031,3.0,float64,0.0,2369.0,476.31959370620376,471.3224683532099
LIDC-IDRI-0348.nii.gz,"(512, 512, 158)",158,0.722656,0.722656,2.5,float64,-2000.0,2663.0,109.78824518903902,1170.1713088227475
LIDC-IDRI-0349.nii.gz,"(512, 512, 179)",179,0.60546875,0.60546875,2.0,float64,0.0,3168.0,520.4575990431802,478.549830013336
LIDC-IDRI-0350.nii.gz,"(512, 512, 270)",270,0.603516,0.603516,1.25,float64,-2000.0,3216.0,130.8750001836706,1177.5071021395247
LIDC-IDRI-0351.nii.gz,"(512, 512, 103)",103,0.56640625,0.56640625,3.0,float64,0.0,2939.0,544.8892580421226,476.4205312610206
